{"accuracy": 0.72, "_timestamp": 1706385902.6766493, "_runtime": 1052.1796493530273, "_step": 2, "_wandb": {"runtime": 1049}}