{"accuracy": 0.5, "_timestamp": 1706384658.8565295, "_runtime": 450.78290247917175, "_step": 2, "_wandb": {"runtime": 448}}