{"acc": 0.9359032407040906, "loss": 0.1082918198443846, "_timestamp": 1706365696.0188959, "_runtime": 2.7829298973083496, "_step": 7, "_wandb": {"runtime": 0}}