{"accuracy": 0.4, "_timestamp": 1706384022.1948545, "_runtime": 14.711592435836792, "_step": 0, "_wandb": {"runtime": 12}}