{"acc": 0.52, "_timestamp": 1706370183.0487385, "_runtime": 87.47755241394043, "_step": 0, "_wandb": {"runtime": 86}}