{"acc": 0.56, "_timestamp": 1706370362.8934941, "_runtime": 81.89149117469788, "_step": 0, "_wandb": {"runtime": 80}}